{"cameraMode":{"drawMode":0,"name":"Shaded","section":"Shading Mode"},"sceneLighting":false,"audioPlay":false,"sceneViewState":{"m_AlwaysRefresh":false,"showFog":true,"showSkybox":true,"showFlares":true,"showImageEffects":true,"showParticleSystems":true,"showVisualEffectGraphs":true,"m_FxEnabled":true},"in2DMode":false,"pivot":{"x":0.41936933994293215,"y":3.5164012908935549,"z":2.9407272338867189},"rotation":{"x":0.48838356137275698,"y":-0.014400571584701538,"z":0.00806078314781189,"w":0.8724789023399353},"size":22.60243034362793,"orthographic":false}